flow_key,status,total_bytes,received_bytes,completion_percent,first_timestamp_ms,last_timestamp_ms,duration_ms,server_isn_set,buffered_packets,tcp_seqs_count,request_method,request_uri,request_host,request_user_agent,client_addr,client_port,server_addr,server_port,request_timestamp_ms
completed_0,archived,1895,1895,100.00,1763162719639,1763162719643,4,true,0,0,"GET","/gallery.html","10.0.2.5:8080","Mozilla/5.0 (X11; Ubuntu; Linux x86_64) AppleWebKit/605.1.15 (KHTML, like Gecko) Version/60.5 Safari/605.1.15","10.0.0.140",52328,"10.0.2.5",8080,1763162719639
completed_1,archived,153,153,100.00,1763162719679,1763162720174,495,true,0,0,"GET","/images/","10.0.2.5:8080","Mozilla/5.0 (X11; Ubuntu; Linux x86_64) AppleWebKit/605.1.15 (KHTML, like Gecko) Version/60.5 Safari/605.1.15","10.0.0.140",52328,"10.0.2.5",8080,1763162719679
completed_2,archived,21053875,21053875,100.00,1763162720204,1763162722884,2680,true,0,0,"GET","/images/rotatd_1.jpg","10.0.2.5:8080","Mozilla/5.0 (X11; Ubuntu; Linux x86_64) AppleWebKit/605.1.15 (KHTML, like Gecko) Version/60.5 Safari/605.1.15","10.0.0.140",52328,"10.0.2.5",8080,1763162720204
completed_3,archived,21890236,21890236,100.00,1763162720209,1763162723877,3668,true,0,0,"GET","/images/rotatd_10.jpg","10.0.2.5:8080","Mozilla/5.0 (X11; Ubuntu; Linux x86_64) AppleWebKit/605.1.15 (KHTML, like Gecko) Version/60.5 Safari/605.1.15","10.0.0.140",52332,"10.0.2.5",8080,1763162720209
completed_4,archived,21970814,21970814,100.00,1763162720212,1763162723937,3725,true,0,0,"GET","/images/rotatd_11.jpg","10.0.2.5:8080","Mozilla/5.0 (X11; Ubuntu; Linux x86_64) AppleWebKit/605.1.15 (KHTML, like Gecko) Version/60.5 Safari/605.1.15","10.0.0.140",52344,"10.0.2.5",8080,1763162720212
completed_5,archived,22151654,22151654,100.00,1763162720220,1763162724186,3966,true,0,0,"GET","/images/rotatd_13.jpg","10.0.2.5:8080","Mozilla/5.0 (X11; Ubuntu; Linux x86_64) AppleWebKit/605.1.15 (KHTML, like Gecko) Version/60.5 Safari/605.1.15","10.0.0.140",52364,"10.0.2.5",8080,1763162720220
completed_6,archived,22079594,22079594,100.00,1763162720215,1763162724195,3980,true,0,0,"GET","/images/rotatd_12.jpg","10.0.2.5:8080","Mozilla/5.0 (X11; Ubuntu; Linux x86_64) AppleWebKit/605.1.15 (KHTML, like Gecko) Version/60.5 Safari/605.1.15","10.0.0.140",52354,"10.0.2.5",8080,1763162720215
completed_7,archived,22237768,22237768,100.00,1763162720224,1763162724253,4029,true,0,0,"GET","/images/rotatd_14.jpg","10.0.2.5:8080","Mozilla/5.0 (X11; Ubuntu; Linux x86_64) AppleWebKit/605.1.15 (KHTML, like Gecko) Version/60.5 Safari/605.1.15","10.0.0.140",52366,"10.0.2.5",8080,1763162720224
completed_8,archived,22313890,22313890,100.00,1763162723876,1763162726433,2557,true,0,0,"GET","/images/rotatd_15.jpg","10.0.2.5:8080","Mozilla/5.0 (X11; Ubuntu; Linux x86_64) AppleWebKit/605.1.15 (KHTML, like Gecko) Version/60.5 Safari/605.1.15","10.0.0.140",52328,"10.0.2.5",8080,1763162723876
completed_9,archived,21157130,21157130,100.00,1763162724488,1763162726737,2249,true,0,0,"GET","/images/rotatd_2.jpg","10.0.2.5:8080","Mozilla/5.0 (X11; Ubuntu; Linux x86_64) AppleWebKit/605.1.15 (KHTML, like Gecko) Version/60.5 Safari/605.1.15","10.0.0.140",52366,"10.0.2.5",8080,1763162724488
completed_10,archived,22386230,22386230,100.00,1763162724383,1763162727236,2853,true,0,0,"GET","/images/rotatd_16.jpg","10.0.2.5:8080","Mozilla/5.0 (X11; Ubuntu; Linux x86_64) AppleWebKit/605.1.15 (KHTML, like Gecko) Version/60.5 Safari/605.1.15","10.0.0.140",52332,"10.0.2.5",8080,1763162724383
completed_11,archived,22459623,22459623,100.00,1763162724405,1763162727258,2853,true,0,0,"GET","/images/rotatd_17.jpg","10.0.2.5:8080","Mozilla/5.0 (X11; Ubuntu; Linux x86_64) AppleWebKit/605.1.15 (KHTML, like Gecko) Version/60.5 Safari/605.1.15","10.0.0.140",52344,"10.0.2.5",8080,1763162724405
completed_12,archived,22597486,22597486,100.00,1763162724454,1763162727365,2911,true,0,0,"GET","/images/rotatd_19.jpg","10.0.2.5:8080","Mozilla/5.0 (X11; Ubuntu; Linux x86_64) AppleWebKit/605.1.15 (KHTML, like Gecko) Version/60.5 Safari/605.1.15","10.0.0.140",52364,"10.0.2.5",8080,1763162724454
completed_13,archived,22528372,22528372,100.00,1763162724447,1763162727367,2920,true,0,0,"GET","/images/rotatd_18.jpg","10.0.2.5:8080","Mozilla/5.0 (X11; Ubuntu; Linux x86_64) AppleWebKit/605.1.15 (KHTML, like Gecko) Version/60.5 Safari/605.1.15","10.0.0.140",52354,"10.0.2.5",8080,1763162724447
completed_14,archived,22663075,22663075,100.00,1763162727202,1763162729423,2221,true,0,0,"GET","/images/rotatd_20.jpg","10.0.2.5:8080","Mozilla/5.0 (X11; Ubuntu; Linux x86_64) AppleWebKit/605.1.15 (KHTML, like Gecko) Version/60.5 Safari/605.1.15","10.0.0.140",52328,"10.0.2.5",8080,1763162727202
completed_15,archived,22725558,22725558,100.00,1763162727437,1763162729708,2271,true,0,0,"GET","/images/rotatd_21.jpg","10.0.2.5:8080","Mozilla/5.0 (X11; Ubuntu; Linux x86_64) AppleWebKit/605.1.15 (KHTML, like Gecko) Version/60.5 Safari/605.1.15","10.0.0.140",52366,"10.0.2.5",8080,1763162727437
completed_16,archived,22787114,22787114,100.00,1763162727589,1763162730193,2604,true,0,0,"GET","/images/rotatd_22.jpg","10.0.2.5:8080","Mozilla/5.0 (X11; Ubuntu; Linux x86_64) AppleWebKit/605.1.15 (KHTML, like Gecko) Version/60.5 Safari/605.1.15","10.0.0.140",52332,"10.0.2.5",8080,1763162727589
completed_17,archived,22842044,22842044,100.00,1763162727612,1763162730219,2607,true,0,0,"GET","/images/rotatd_23.jpg","10.0.2.5:8080","Mozilla/5.0 (X11; Ubuntu; Linux x86_64) AppleWebKit/605.1.15 (KHTML, like Gecko) Version/60.5 Safari/605.1.15","10.0.0.140",52344,"10.0.2.5",8080,1763162727612
completed_18,archived,22897586,22897586,100.00,1763162727658,1763162730353,2695,true,0,0,"GET","/images/rotatd_24.jpg","10.0.2.5:8080","Mozilla/5.0 (X11; Ubuntu; Linux x86_64) AppleWebKit/605.1.15 (KHTML, like Gecko) Version/60.5 Safari/605.1.15","10.0.0.140",52354,"10.0.2.5",8080,1763162727658
completed_19,archived,22944258,22944258,100.00,1763162727675,1763162730371,2696,true,0,0,"GET","/images/rotatd_25.jpg","10.0.2.5:8080","Mozilla/5.0 (X11; Ubuntu; Linux x86_64) AppleWebKit/605.1.15 (KHTML, like Gecko) Version/60.5 Safari/605.1.15","10.0.0.140",52364,"10.0.2.5",8080,1763162727675
completed_20,archived,22992737,22992737,100.00,1763162730136,1763162732356,2220,true,0,0,"GET","/images/rotatd_26.jpg","10.0.2.5:8080","Mozilla/5.0 (X11; Ubuntu; Linux x86_64) AppleWebKit/605.1.15 (KHTML, like Gecko) Version/60.5 Safari/605.1.15","10.0.0.140",52328,"10.0.2.5",8080,1763162730136
completed_21,archived,23044837,23044837,100.00,1763162730394,1763162732686,2292,true,0,0,"GET","/images/rotatd_27.jpg","10.0.2.5:8080","Mozilla/5.0 (X11; Ubuntu; Linux x86_64) AppleWebKit/605.1.15 (KHTML, like Gecko) Version/60.5 Safari/605.1.15","10.0.0.140",52366,"10.0.2.5",8080,1763162730394
completed_22,archived,21256872,21256872,100.00,1763162730543,1763162732972,2429,true,0,0,"GET","/images/rotatd_3.jpg","10.0.2.5:8080","Mozilla/5.0 (X11; Ubuntu; Linux x86_64) AppleWebKit/605.1.15 (KHTML, like Gecko) Version/60.5 Safari/605.1.15","10.0.0.140",52354,"10.0.2.5",8080,1763162730543
completed_23,archived,23087263,23087263,100.00,1763162730457,1763162733160,2703,true,0,0,"GET","/images/rotatd_28.jpg","10.0.2.5:8080","Mozilla/5.0 (X11; Ubuntu; Linux x86_64) AppleWebKit/605.1.15 (KHTML, like Gecko) Version/60.5 Safari/605.1.15","10.0.0.140",52332,"10.0.2.5",8080,1763162730457
completed_24,archived,23126910,23126910,100.00,1763162730495,1763162733305,2810,true,0,0,"GET","/images/rotatd_29.jpg","10.0.2.5:8080","Mozilla/5.0 (X11; Ubuntu; Linux x86_64) AppleWebKit/605.1.15 (KHTML, like Gecko) Version/60.5 Safari/605.1.15","10.0.0.140",52344,"10.0.2.5",8080,1763162730495
completed_25,archived,23167133,23167133,100.00,1763162730573,1763162733394,2821,true,0,0,"GET","/images/rotatd_30.jpg","10.0.2.5:8080","Mozilla/5.0 (X11; Ubuntu; Linux x86_64) AppleWebKit/605.1.15 (KHTML, like Gecko) Version/60.5 Safari/605.1.15","10.0.0.140",52364,"10.0.2.5",8080,1763162730573
completed_26,archived,23203541,23203541,100.00,1763162733100,1763162735291,2191,true,0,0,"GET","/images/rotatd_31.jpg","10.0.2.5:8080","Mozilla/5.0 (X11; Ubuntu; Linux x86_64) AppleWebKit/605.1.15 (KHTML, like Gecko) Version/60.5 Safari/605.1.15","10.0.0.140",52328,"10.0.2.5",8080,1763162733100
completed_27,archived,23263054,23263054,100.00,1763162733389,1763162735589,2200,true,0,0,"GET","/images/rotatd_33.jpg","10.0.2.5:8080","Mozilla/5.0 (X11; Ubuntu; Linux x86_64) AppleWebKit/605.1.15 (KHTML, like Gecko) Version/60.5 Safari/605.1.15","10.0.0.140",52366,"10.0.2.5",8080,1763162733389
completed_28,archived,23232860,23232860,100.00,1763162733300,1763162735921,2621,true,0,0,"GET","/images/rotatd_32.jpg","10.0.2.5:8080","Mozilla/5.0 (X11; Ubuntu; Linux x86_64) AppleWebKit/605.1.15 (KHTML, like Gecko) Version/60.5 Safari/605.1.15","10.0.0.140",52354,"10.0.2.5",8080,1763162733300
completed_29,archived,23285248,23285248,100.00,1763162733446,1763162736180,2734,true,0,0,"GET","/images/rotatd_34.jpg","10.0.2.5:8080","Mozilla/5.0 (X11; Ubuntu; Linux x86_64) AppleWebKit/605.1.15 (KHTML, like Gecko) Version/60.5 Safari/605.1.15","10.0.0.140",52332,"10.0.2.5",8080,1763162733446
completed_30,archived,23309396,23309396,100.00,1763162733485,1763162736242,2757,true,0,0,"GET","/images/rotatd_35.jpg","10.0.2.5:8080","Mozilla/5.0 (X11; Ubuntu; Linux x86_64) AppleWebKit/605.1.15 (KHTML, like Gecko) Version/60.5 Safari/605.1.15","10.0.0.140",52344,"10.0.2.5",8080,1763162733485
completed_31,archived,23331058,23331058,100.00,1763162733552,1763162736382,2830,true,0,0,"GET","/images/rotatd_36.jpg","10.0.2.5:8080","Mozilla/5.0 (X11; Ubuntu; Linux x86_64) AppleWebKit/605.1.15 (KHTML, like Gecko) Version/60.5 Safari/605.1.15","10.0.0.140",52364,"10.0.2.5",8080,1763162733552
completed_32,archived,23352231,23352231,100.00,1763162736081,1763162738328,2247,true,0,0,"GET","/images/rotatd_37.jpg","10.0.2.5:8080","Mozilla/5.0 (X11; Ubuntu; Linux x86_64) AppleWebKit/605.1.15 (KHTML, like Gecko) Version/60.5 Safari/605.1.15","10.0.0.140",52328,"10.0.2.5",8080,1763162736081
completed_33,archived,23387149,23387149,100.00,1763162736348,1763162738615,2267,true,0,0,"GET","/images/rotatd_39.jpg","10.0.2.5:8080","Mozilla/5.0 (X11; Ubuntu; Linux x86_64) AppleWebKit/605.1.15 (KHTML, like Gecko) Version/60.5 Safari/605.1.15","10.0.0.140",52366,"10.0.2.5",8080,1763162736348
completed_34,archived,21364781,21364781,100.00,1763162736417,1763162738788,2371,true,0,0,"GET","/images/rotatd_4.jpg","10.0.2.5:8080","Mozilla/5.0 (X11; Ubuntu; Linux x86_64) AppleWebKit/605.1.15 (KHTML, like Gecko) Version/60.5 Safari/605.1.15","10.0.0.140",52332,"10.0.2.5",8080,1763162736417
completed_35,archived,23370464,23370464,100.00,1763162736228,1763162738940,2712,true,0,0,"GET","/images/rotatd_38.jpg","10.0.2.5:8080","Mozilla/5.0 (X11; Ubuntu; Linux x86_64) AppleWebKit/605.1.15 (KHTML, like Gecko) Version/60.5 Safari/605.1.15","10.0.0.140",52354,"10.0.2.5",8080,1763162736228
completed_36,archived,23398690,23398690,100.00,1763162736467,1763162739334,2867,true,0,0,"GET","/images/rotatd_40.jpg","10.0.2.5:8080","Mozilla/5.0 (X11; Ubuntu; Linux x86_64) AppleWebKit/605.1.15 (KHTML, like Gecko) Version/60.5 Safari/605.1.15","10.0.0.140",52344,"10.0.2.5",8080,1763162736467
completed_37,archived,23407944,23407944,100.00,1763162736560,1763162739433,2873,true,0,0,"GET","/images/rotatd_41.jpg","10.0.2.5:8080","Mozilla/5.0 (X11; Ubuntu; Linux x86_64) AppleWebKit/605.1.15 (KHTML, like Gecko) Version/60.5 Safari/605.1.15","10.0.0.140",52364,"10.0.2.5",8080,1763162736560
completed_38,archived,23418904,23418904,100.00,1763162739060,1763162741463,2403,true,0,0,"GET","/images/rotatd_43.jpg","10.0.2.5:8080","Mozilla/5.0 (X11; Ubuntu; Linux x86_64) AppleWebKit/605.1.15 (KHTML, like Gecko) Version/60.5 Safari/605.1.15","10.0.0.140",52328,"10.0.2.5",8080,1763162739060
completed_39,archived,23444253,23444253,100.00,1763162739402,1763162741760,2358,true,0,0,"GET","/images/rotatd_45.jpg","10.0.2.5:8080","Mozilla/5.0 (X11; Ubuntu; Linux x86_64) AppleWebKit/605.1.15 (KHTML, like Gecko) Version/60.5 Safari/605.1.15","10.0.0.140",52366,"10.0.2.5",8080,1763162739402
completed_40,archived,23414293,23414293,100.00,1763162739031,1763162741942,2911,true,0,0,"GET","/images/rotatd_42.jpg","10.0.2.5:8080","Mozilla/5.0 (X11; Ubuntu; Linux x86_64) AppleWebKit/605.1.15 (KHTML, like Gecko) Version/60.5 Safari/605.1.15","10.0.0.140",52332,"10.0.2.5",8080,1763162739031
completed_41,archived,23422798,23422798,100.00,1763162739316,1763162742098,2782,true,0,0,"GET","/images/rotatd_44.jpg","10.0.2.5:8080","Mozilla/5.0 (X11; Ubuntu; Linux x86_64) AppleWebKit/605.1.15 (KHTML, like Gecko) Version/60.5 Safari/605.1.15","10.0.0.140",52354,"10.0.2.5",8080,1763162739316
completed_42,archived,23414107,23414107,100.00,1763162739497,1763162742343,2846,true,0,0,"GET","/images/rotatd_46.jpg","10.0.2.5:8080","Mozilla/5.0 (X11; Ubuntu; Linux x86_64) AppleWebKit/605.1.15 (KHTML, like Gecko) Version/60.5 Safari/605.1.15","10.0.0.140",52344,"10.0.2.5",8080,1763162739497
completed_43,archived,23415454,23415454,100.00,1763162739585,1763162742455,2870,true,0,0,"GET","/images/rotatd_47.jpg","10.0.2.5:8080","Mozilla/5.0 (X11; Ubuntu; Linux x86_64) AppleWebKit/605.1.15 (KHTML, like Gecko) Version/60.5 Safari/605.1.15","10.0.0.140",52364,"10.0.2.5",8080,1763162739585
completed_44,archived,23387722,23387722,100.00,1763162742211,1763162744470,2259,true,0,0,"GET","/images/rotatd_49.jpg","10.0.2.5:8080","Mozilla/5.0 (X11; Ubuntu; Linux x86_64) AppleWebKit/605.1.15 (KHTML, like Gecko) Version/60.5 Safari/605.1.15","10.0.0.140",52328,"10.0.2.5",8080,1763162742211
completed_45,archived,23376605,23376605,100.00,1763162742418,1763162744781,2363,true,0,0,"GET","/images/rotatd_50.jpg","10.0.2.5:8080","Mozilla/5.0 (X11; Ubuntu; Linux x86_64) AppleWebKit/605.1.15 (KHTML, like Gecko) Version/60.5 Safari/605.1.15","10.0.0.140",52366,"10.0.2.5",8080,1763162742418
completed_46,archived,21463952,21463952,100.00,1763162742321,1763162744808,2487,true,0,0,"GET","/images/rotatd_5.jpg","10.0.2.5:8080","Mozilla/5.0 (X11; Ubuntu; Linux x86_64) AppleWebKit/605.1.15 (KHTML, like Gecko) Version/60.5 Safari/605.1.15","10.0.0.140",52354,"10.0.2.5",8080,1763162742321
completed_47,archived,23398955,23398955,100.00,1763162742182,1763162744982,2800,true,0,0,"GET","/images/rotatd_48.jpg","10.0.2.5:8080","Mozilla/5.0 (X11; Ubuntu; Linux x86_64) AppleWebKit/605.1.15 (KHTML, like Gecko) Version/60.5 Safari/605.1.15","10.0.0.140",52332,"10.0.2.5",8080,1763162742182
completed_48,archived,23357298,23357298,100.00,1763162742524,1763162745383,2859,true,0,0,"GET","/images/rotatd_51.jpg","10.0.2.5:8080","Mozilla/5.0 (X11; Ubuntu; Linux x86_64) AppleWebKit/605.1.15 (KHTML, like Gecko) Version/60.5 Safari/605.1.15","10.0.0.140",52344,"10.0.2.5",8080,1763162742524
completed_49,archived,23338861,23338861,100.00,1763162742615,1763162745540,2925,true,0,0,"GET","/images/rotatd_52.jpg","10.0.2.5:8080","Mozilla/5.0 (X11; Ubuntu; Linux x86_64) AppleWebKit/605.1.15 (KHTML, like Gecko) Version/60.5 Safari/605.1.15","10.0.0.140",52364,"10.0.2.5",8080,1763162742615
completed_50,archived,23261092,23261092,100.00,1763162745295,1763162747538,2243,true,0,0,"GET","/images/rotatd_55.jpg","10.0.2.5:8080","Mozilla/5.0 (X11; Ubuntu; Linux x86_64) AppleWebKit/605.1.15 (KHTML, like Gecko) Version/60.5 Safari/605.1.15","10.0.0.140",52328,"10.0.2.5",8080,1763162745295
completed_51,archived,23227323,23227323,100.00,1763162745508,1763162747838,2330,true,0,0,"GET","/images/rotatd_56.jpg","10.0.2.5:8080","Mozilla/5.0 (X11; Ubuntu; Linux x86_64) AppleWebKit/605.1.15 (KHTML, like Gecko) Version/60.5 Safari/605.1.15","10.0.0.140",52366,"10.0.2.5",8080,1763162745508
completed_52,archived,23318259,23318259,100.00,1763162745015,1763162747881,2866,true,0,0,"GET","/images/rotatd_53.jpg","10.0.2.5:8080","Mozilla/5.0 (X11; Ubuntu; Linux x86_64) AppleWebKit/605.1.15 (KHTML, like Gecko) Version/60.5 Safari/605.1.15","10.0.0.140",52354,"10.0.2.5",8080,1763162745015
completed_53,archived,23290726,23290726,100.00,1763162745278,1763162748049,2771,true,0,0,"GET","/images/rotatd_54.jpg","10.0.2.5:8080","Mozilla/5.0 (X11; Ubuntu; Linux x86_64) AppleWebKit/605.1.15 (KHTML, like Gecko) Version/60.5 Safari/605.1.15","10.0.0.140",52332,"10.0.2.5",8080,1763162745278
completed_54,archived,23201737,23201737,100.00,1763162745604,1763162748482,2878,true,0,0,"GET","/images/rotatd_57.jpg","10.0.2.5:8080","Mozilla/5.0 (X11; Ubuntu; Linux x86_64) AppleWebKit/605.1.15 (KHTML, like Gecko) Version/60.5 Safari/605.1.15","10.0.0.140",52344,"10.0.2.5",8080,1763162745604
completed_55,archived,23169159,23169159,100.00,1763162745680,1763162748661,2981,true,0,0,"GET","/images/rotatd_58.jpg","10.0.2.5:8080","Mozilla/5.0 (X11; Ubuntu; Linux x86_64) AppleWebKit/605.1.15 (KHTML, like Gecko) Version/60.5 Safari/605.1.15","10.0.0.140",52364,"10.0.2.5",8080,1763162745680
completed_56,archived,23086156,23086156,100.00,1763162748401,1763162750655,2254,true,0,0,"GET","/images/rotatd_60.jpg","10.0.2.5:8080","Mozilla/5.0 (X11; Ubuntu; Linux x86_64) AppleWebKit/605.1.15 (KHTML, like Gecko) Version/60.5 Safari/605.1.15","10.0.0.140",52328,"10.0.2.5",8080,1763162748401
completed_57,archived,21562749,21562749,100.00,1763162748392,1763162750917,2525,true,0,0,"GET","/images/rotatd_6.jpg","10.0.2.5:8080","Mozilla/5.0 (X11; Ubuntu; Linux x86_64) AppleWebKit/605.1.15 (KHTML, like Gecko) Version/60.5 Safari/605.1.15","10.0.0.140",52332,"10.0.2.5",8080,1763162748392
completed_58,archived,23052200,23052200,100.00,1763162748635,1763162750939,2304,true,0,0,"GET","/images/rotatd_61.jpg","10.0.2.5:8080","Mozilla/5.0 (X11; Ubuntu; Linux x86_64) AppleWebKit/605.1.15 (KHTML, like Gecko) Version/60.5 Safari/605.1.15","10.0.0.140",52366,"10.0.2.5",8080,1763162748635
completed_59,archived,23126707,23126707,100.00,1763162748112,1763162751001,2889,true,0,0,"GET","/images/rotatd_59.jpg","10.0.2.5:8080","Mozilla/5.0 (X11; Ubuntu; Linux x86_64) AppleWebKit/605.1.15 (KHTML, like Gecko) Version/60.5 Safari/605.1.15","10.0.0.140",52354,"10.0.2.5",8080,1763162748112
completed_60,archived,23003864,23003864,100.00,1763162748728,1763162751494,2766,true,0,0,"GET","/images/rotatd_62.jpg","10.0.2.5:8080","Mozilla/5.0 (X11; Ubuntu; Linux x86_64) AppleWebKit/605.1.15 (KHTML, like Gecko) Version/60.5 Safari/605.1.15","10.0.0.140",52344,"10.0.2.5",8080,1763162748728
completed_61,archived,22959723,22959723,100.00,1763162748794,1763162751611,2817,true,0,0,"GET","/images/rotatd_63.jpg","10.0.2.5:8080","Mozilla/5.0 (X11; Ubuntu; Linux x86_64) AppleWebKit/605.1.15 (KHTML, like Gecko) Version/60.5 Safari/605.1.15","10.0.0.140",52364,"10.0.2.5",8080,1763162748794
completed_62,archived,22804925,22804925,100.00,1763162751420,1763162753614,2194,true,0,0,"GET","/images/rotatd_66.jpg","10.0.2.5:8080","Mozilla/5.0 (X11; Ubuntu; Linux x86_64) AppleWebKit/605.1.15 (KHTML, like Gecko) Version/60.5 Safari/605.1.15","10.0.0.140",52328,"10.0.2.5",8080,1763162751420
completed_63,archived,22909104,22909104,100.00,1763162751140,1763162753867,2727,true,0,0,"GET","/images/rotatd_64.jpg","10.0.2.5:8080","Mozilla/5.0 (X11; Ubuntu; Linux x86_64) AppleWebKit/605.1.15 (KHTML, like Gecko) Version/60.5 Safari/605.1.15","10.0.0.140",52332,"10.0.2.5",8080,1763162751140
completed_64,archived,22747667,22747667,100.00,1763162751600,1763162753871,2271,true,0,0,"GET","/images/rotatd_67.jpg","10.0.2.5:8080","Mozilla/5.0 (X11; Ubuntu; Linux x86_64) AppleWebKit/605.1.15 (KHTML, like Gecko) Version/60.5 Safari/605.1.15","10.0.0.140",52366,"10.0.2.5",8080,1763162751600
completed_65,archived,22856873,22856873,100.00,1763162751213,1763162753938,2725,true,0,0,"GET","/images/rotatd_65.jpg","10.0.2.5:8080","Mozilla/5.0 (X11; Ubuntu; Linux x86_64) AppleWebKit/605.1.15 (KHTML, like Gecko) Version/60.5 Safari/605.1.15","10.0.0.140",52354,"10.0.2.5",8080,1763162751213
completed_66,archived,22682409,22682409,100.00,1763162751686,1763162754477,2791,true,0,0,"GET","/images/rotatd_68.jpg","10.0.2.5:8080","Mozilla/5.0 (X11; Ubuntu; Linux x86_64) AppleWebKit/605.1.15 (KHTML, like Gecko) Version/60.5 Safari/605.1.15","10.0.0.140",52344,"10.0.2.5",8080,1763162751686
completed_67,archived,22620725,22620725,100.00,1763162751884,1763162754558,2674,true,0,0,"GET","/images/rotatd_69.jpg","10.0.2.5:8080","Mozilla/5.0 (X11; Ubuntu; Linux x86_64) AppleWebKit/605.1.15 (KHTML, like Gecko) Version/60.5 Safari/605.1.15","10.0.0.140",52364,"10.0.2.5",8080,1763162751884
completed_68,archived,22484926,22484926,100.00,1763162754415,1763162756242,1827,true,0,0,"GET","/images/rotatd_71.jpg","10.0.2.5:8080","Mozilla/5.0 (X11; Ubuntu; Linux x86_64) AppleWebKit/605.1.15 (KHTML, like Gecko) Version/60.5 Safari/605.1.15","10.0.0.140",52328,"10.0.2.5",8080,1763162754415
completed_69,archived,21643273,21643273,100.00,1763162754089,1763162756373,2284,true,0,0,"GET","/images/rotatd_7.jpg","10.0.2.5:8080","Mozilla/5.0 (X11; Ubuntu; Linux x86_64) AppleWebKit/605.1.15 (KHTML, like Gecko) Version/60.5 Safari/605.1.15","10.0.0.140",52332,"10.0.2.5",8080,1763162754089
completed_70,archived,22407436,22407436,100.00,1763162754556,1763162756478,1922,true,0,0,"GET","/images/rotatd_72.jpg","10.0.2.5:8080","Mozilla/5.0 (X11; Ubuntu; Linux x86_64) AppleWebKit/605.1.15 (KHTML, like Gecko) Version/60.5 Safari/605.1.15","10.0.0.140",52366,"10.0.2.5",8080,1763162754556
completed_71,archived,22552127,22552127,100.00,1763162754147,1763162756590,2443,true,0,0,"GET","/images/rotatd_70.jpg","10.0.2.5:8080","Mozilla/5.0 (X11; Ubuntu; Linux x86_64) AppleWebKit/605.1.15 (KHTML, like Gecko) Version/60.5 Safari/605.1.15","10.0.0.140",52354,"10.0.2.5",8080,1763162754147
completed_72,archived,22335522,22335522,100.00,1763162754635,1763162757021,2386,true,0,0,"GET","/images/rotatd_73.jpg","10.0.2.5:8080","Mozilla/5.0 (X11; Ubuntu; Linux x86_64) AppleWebKit/605.1.15 (KHTML, like Gecko) Version/60.5 Safari/605.1.15","10.0.0.140",52344,"10.0.2.5",8080,1763162754635
completed_73,archived,22256619,22256619,100.00,1763162754706,1763162757095,2389,true,0,0,"GET","/images/rotatd_74.jpg","10.0.2.5:8080","Mozilla/5.0 (X11; Ubuntu; Linux x86_64) AppleWebKit/605.1.15 (KHTML, like Gecko) Version/60.5 Safari/605.1.15","10.0.0.140",52364,"10.0.2.5",8080,1763162754706
completed_74,archived,22020368,22020368,100.00,1763162756976,1763162761618,4642,true,0,0,"GET","/images/rotatd_77.jpg","10.0.2.5:8080","Mozilla/5.0 (X11; Ubuntu; Linux x86_64) AppleWebKit/605.1.15 (KHTML, like Gecko) Version/60.5 Safari/605.1.15","10.0.0.140",52328,"10.0.2.5",8080,1763162756976
completed_75,archived,22179310,22179310,100.00,1763162756597,1763162761967,5370,true,0,0,"GET","/images/rotatd_75.jpg","10.0.2.5:8080","Mozilla/5.0 (X11; Ubuntu; Linux x86_64) AppleWebKit/605.1.15 (KHTML, like Gecko) Version/60.5 Safari/605.1.15","10.0.0.140",52332,"10.0.2.5",8080,1763162756597
completed_76,archived,21938555,21938555,100.00,1763162757105,1763162762082,4977,true,0,0,"GET","/images/rotatd_78.jpg","10.0.2.5:8080","Mozilla/5.0 (X11; Ubuntu; Linux x86_64) AppleWebKit/605.1.15 (KHTML, like Gecko) Version/60.5 Safari/605.1.15","10.0.0.140",52366,"10.0.2.5",8080,1763162757105
completed_77,archived,22099891,22099891,100.00,1763162756825,1763162762252,5427,true,0,0,"GET","/images/rotatd_76.jpg","10.0.2.5:8080","Mozilla/5.0 (X11; Ubuntu; Linux x86_64) AppleWebKit/605.1.15 (KHTML, like Gecko) Version/60.5 Safari/605.1.15","10.0.0.140",52354,"10.0.2.5",8080,1763162756825
completed_78,archived,21829650,21829650,100.00,1763162757214,1763162763057,5843,true,0,0,"GET","/images/rotatd_79.jpg","10.0.2.5:8080","Mozilla/5.0 (X11; Ubuntu; Linux x86_64) AppleWebKit/605.1.15 (KHTML, like Gecko) Version/60.5 Safari/605.1.15","10.0.0.140",52344,"10.0.2.5",8080,1763162757214
completed_79,archived,21731311,21731311,100.00,1763162757310,1763162763283,5973,true,0,0,"GET","/images/rotatd_8.jpg","10.0.2.5:8080","Mozilla/5.0 (X11; Ubuntu; Linux x86_64) AppleWebKit/605.1.15 (KHTML, like Gecko) Version/60.5 Safari/605.1.15","10.0.0.140",52364,"10.0.2.5",8080,1763162757310
completed_80,archived,21573964,21573964,100.00,1763162763000,1763162765585,2585,true,0,0,"GET","/images/rotatd_82.jpg","10.0.2.5:8080","Mozilla/5.0 (X11; Ubuntu; Linux x86_64) AppleWebKit/605.1.15 (KHTML, like Gecko) Version/60.5 Safari/605.1.15","10.0.0.140",52328,"10.0.2.5",8080,1763162763000
completed_81,archived,21745132,21745132,100.00,1763162762272,1763162765771,3499,true,0,0,"GET","/images/rotatd_80.jpg","10.0.2.5:8080","Mozilla/5.0 (X11; Ubuntu; Linux x86_64) AppleWebKit/605.1.15 (KHTML, like Gecko) Version/60.5 Safari/605.1.15","10.0.0.140",52332,"10.0.2.5",8080,1763162762272
completed_82,archived,21488967,21488967,100.00,1763162763335,1763162765835,2500,true,0,0,"GET","/images/rotatd_83.jpg","10.0.2.5:8080","Mozilla/5.0 (X11; Ubuntu; Linux x86_64) AppleWebKit/605.1.15 (KHTML, like Gecko) Version/60.5 Safari/605.1.15","10.0.0.140",52366,"10.0.2.5",8080,1763162763335
completed_83,archived,21660523,21660523,100.00,1763162762852,1763162766010,3158,true,0,0,"GET","/images/rotatd_81.jpg","10.0.2.5:8080","Mozilla/5.0 (X11; Ubuntu; Linux x86_64) AppleWebKit/605.1.15 (KHTML, like Gecko) Version/60.5 Safari/605.1.15","10.0.0.140",52354,"10.0.2.5",8080,1763162762852
completed_84,archived,21384734,21384734,100.00,1763162763443,1763162766459,3016,true,0,0,"GET","/images/rotatd_84.jpg","10.0.2.5:8080","Mozilla/5.0 (X11; Ubuntu; Linux x86_64) AppleWebKit/605.1.15 (KHTML, like Gecko) Version/60.5 Safari/605.1.15","10.0.0.140",52344,"10.0.2.5",8080,1763162763443
completed_85,archived,21284576,21284576,100.00,1763162763562,1763162766597,3035,true,0,0,"GET","/images/rotatd_85.jpg","10.0.2.5:8080","Mozilla/5.0 (X11; Ubuntu; Linux x86_64) AppleWebKit/605.1.15 (KHTML, like Gecko) Version/60.5 Safari/605.1.15","10.0.0.140",52364,"10.0.2.5",8080,1763162763562
completed_86,archived,20987425,20987425,100.00,1763162766457,1763162770546,4089,true,0,0,"GET","/images/rotatd_88.jpg","10.0.2.5:8080","Mozilla/5.0 (X11; Ubuntu; Linux x86_64) AppleWebKit/605.1.15 (KHTML, like Gecko) Version/60.5 Safari/605.1.15","10.0.0.140",52328,"10.0.2.5",8080,1763162766457
completed_87,archived,21189648,21189648,100.00,1763162766083,1763162770961,4878,true,0,0,"GET","/images/rotatd_86.jpg","10.0.2.5:8080","Mozilla/5.0 (X11; Ubuntu; Linux x86_64) AppleWebKit/605.1.15 (KHTML, like Gecko) Version/60.5 Safari/605.1.15","10.0.0.140",52332,"10.0.2.5",8080,1763162766083
completed_88,archived,20883802,20883802,100.00,1763162766747,1763162770965,4218,true,0,0,"GET","/images/rotatd_89.jpg","10.0.2.5:8080","Mozilla/5.0 (X11; Ubuntu; Linux x86_64) AppleWebKit/605.1.15 (KHTML, like Gecko) Version/60.5 Safari/605.1.15","10.0.0.140",52366,"10.0.2.5",8080,1763162766747
completed_89,archived,21088722,21088722,100.00,1763162766292,1763162771283,4991,true,0,0,"GET","/images/rotatd_87.jpg","10.0.2.5:8080","Mozilla/5.0 (X11; Ubuntu; Linux x86_64) AppleWebKit/605.1.15 (KHTML, like Gecko) Version/60.5 Safari/605.1.15","10.0.0.140",52354,"10.0.2.5",8080,1763162766292
completed_90,archived,21809728,21809728,100.00,1763162766796,1763162771905,5109,true,0,0,"GET","/images/rotatd_9.jpg","10.0.2.5:8080","Mozilla/5.0 (X11; Ubuntu; Linux x86_64) AppleWebKit/605.1.15 (KHTML, like Gecko) Version/60.5 Safari/605.1.15","10.0.0.140",52344,"10.0.2.5",8080,1763162766796
completed_91,archived,22074051,22074051,100.00,1763162766895,1763162772032,5137,true,0,0,"GET","/images/rotatd_90.jpg","10.0.2.5:8080","Mozilla/5.0 (X11; Ubuntu; Linux x86_64) AppleWebKit/605.1.15 (KHTML, like Gecko) Version/60.5 Safari/605.1.15","10.0.0.140",52364,"10.0.2.5",8080,1763162766895
completed_92,archived,16241727,16241727,100.00,1763162771707,1763162772955,1248,true,0,0,"GET","/images/rotated_0.jpg","10.0.2.5:8080","Mozilla/5.0 (X11; Ubuntu; Linux x86_64) AppleWebKit/605.1.15 (KHTML, like Gecko) Version/60.5 Safari/605.1.15","10.0.0.140",52354,"10.0.2.5",8080,1763162771707
completed_93,archived,20882879,20882879,100.00,1763162771352,1763162773145,1793,true,0,0,"GET","/images/rotatd_91.jpg","10.0.2.5:8080","Mozilla/5.0 (X11; Ubuntu; Linux x86_64) AppleWebKit/605.1.15 (KHTML, like Gecko) Version/60.5 Safari/605.1.15","10.0.0.140",52332,"10.0.2.5",8080,1763162771352
